freeuse14@gmail.com,lil958naca
freeforyou14@gmail.com,	macmac90
takaagmail@gmail.com,	887acanca
gmailfor25@gmail.com,	acaca087ca
wantagmail12@gmail.com,	*098camr6
gmailolla14@gmail.com,	987canvrc
gmaill236@gmail.com,	98735acaa
gmail985@gmail.com,	mka08sss5
gmailpopi36@gmail.com,	kjha9874s
gmailgenerator85@gmail.com,	098n359m
gmailallday78@gmail.com,	098n345sc
freemailadress96@gmail.com,	0935smcÄ±k
freeusemail87@gmail.com,	09845ncvo
9654gmail@gmail.com	,0948mm45
shouldtheone@gmail.com,Sherif213
sherif,sherif
hosam,"hosa,"
sheriif,sheriif'
can,can1
sad,sad
